"City","Country","Year","Population"
"Adelaide","Australia","2010","8825202"
"Adelaide","Australia","2011","8998861"
"Adelaide","Australia","2012","9298661"
"Adelaide","Australia","2013","9446742"
"Adelaide","Australia","2014","9529418"
"Adelaide","Australia","2015","9658104"
"Adelaide","Australia","2016","9786791"
"Adelaide","Australia","2017","9937877"
"Adelaide","Australia","2018","10135581"
"Adelaide","Australia","2019","10366435"
"Adelaide","Australia","2020","10632076"
"Adelaide","Australia","2021","10863476"
"Adelaide","Australia","2022","11094876"
"Adelaide","Australia","2023","11326276"
"Adelaide","Australia","2024","11557676"
"Adelaide","Australia","2025","11789076"
"Adelaide","Australia","2026","12020476"
"Brisbane","Australia","2010","15150520"
"Brisbane","Australia","2011","15399253"
"Brisbane","Australia","2012","15606785"
"Brisbane","Australia","2013","15814317"
"Brisbane","Australia","2014","15995918"
"Brisbane","Australia","2015","16227329"
"Brisbane","Australia","2016","16338733"
"Brisbane","Australia","2017","16453469"
"Brisbane","Australia","2018","16519715"
"Brisbane","Australia","2019","16594333"
"Brisbane","Australia","2020","16668951"
"Brisbane","Australia","2021","16779024"
"Brisbane","Australia","2022","16889097"
"Brisbane","Australia","2023","16999170"
"Brisbane","Australia","2024","17109243"
"Brisbane","Australia","2025","17219316"
"Brisbane","Australia","2026","17329389"
"Melbourne","Australia","2010","7685207"
"Melbourne","Australia","2011","7941441"
"Melbourne","Australia","2012","8236285"
"Melbourne","Australia","2013","8290360"
"Melbourne","Australia","2014","8508807"
"Melbourne","Australia","2015","8579773"
"Melbourne","Australia","2016","8633005"
"Melbourne","Australia","2017","8724723"
"Melbourne","Australia","2018","8933597"
"Melbourne","Australia","2019","9140140"
"Melbourne","Australia","2020","9430396"
"Melbourne","Australia","2021","9665620"
"Melbourne","Australia","2022","9900844"
"Melbourne","Australia","2023","10136068"
"Melbourne","Australia","2024","10371292"
"Melbourne","Australia","2025","10606516"
"Melbourne","Australia","2026","10841740"
"Perth","Australia","2010","13625628"
"Perth","Australia","2011","13678434"
"Perth","Australia","2012","13737457"
"Perth","Australia","2013","13887589"
"Perth","Australia","2014","14182964"
"Perth","Australia","2015","14295183"
"Perth","Australia","2016","14538739"
"Perth","Australia","2017","14678212"
"Perth","Australia","2018","14916690"
"Perth","Australia","2019","15155167"
"Perth","Australia","2020","15213273"
"Perth","Australia","2021","15438118"
"Perth","Australia","2022","15662963"
"Perth","Australia","2023","15887808"
"Perth","Australia","2024","16112653"
"Perth","Australia","2025","16337498"
"Perth","Australia","2026","16562343"
"Sydney","Australia","2010","12104817"
"Sydney","Australia","2011","12154991"
"Sydney","Australia","2012","12272276"
"Sydney","Australia","2013","12329521"
"Sydney","Australia","2014","12504383"
"Sydney","Australia","2015","12679245"
"Sydney","Australia","2016","12952139"
"Sydney","Australia","2017","13010521"
"Sydney","Australia","2018","13224590"
"Sydney","Australia","2019","13477910"
"Sydney","Australia","2020","13645659"
"Sydney","Australia","2021","13857372"
"Sydney","Australia","2022","14069085"
"Sydney","Australia","2023","14280798"
"Sydney","Australia","2024","14492511"
"Sydney","Australia","2025","14704224"
"Sydney","Australia","2026","14915937"
"Brasilia","Brazil","2010","5048011"
"Brasilia","Brazil","2011","5196048"
"Brasilia","Brazil","2012","5274061"
"Brasilia","Brazil","2013","5336223"
"Brasilia","Brazil","2014","5526975"
"Brasilia","Brazil","2015","5717727"
"Brasilia","Brazil","2016","5844579"
"Brasilia","Brazil","2017","6078512"
"Brasilia","Brazil","2018","6142441"
"Brasilia","Brazil","2019","6390074"
"Brasilia","Brazil","2020","6488531"
"Brasilia","Brazil","2021","6625204"
"Brasilia","Brazil","2022","6761877"
"Brasilia","Brazil","2023","6898550"
"Brasilia","Brazil","2024","7035223"
"Brasilia","Brazil","2025","7171896"
"Brasilia","Brazil","2026","7308569"
"Fortaleza","Brazil","2010","10371035"
"Fortaleza","Brazil","2011","10443229"
"Fortaleza","Brazil","2012","10691251"
"Fortaleza","Brazil","2013","10768485"
"Fortaleza","Brazil","2014","10892198"
"Fortaleza","Brazil","2015","11041934"
"Fortaleza","Brazil","2016","11093928"
"Fortaleza","Brazil","2017","11183533"
"Fortaleza","Brazil","2018","11410166"
"Fortaleza","Brazil","2019","11697442"
"Fortaleza","Brazil","2020","11908908"
"Fortaleza","Brazil","2021","12150700"
"Fortaleza","Brazil","2022","12392492"
"Fortaleza","Brazil","2023","12634284"
"Fortaleza","Brazil","2024","12876076"
"Fortaleza","Brazil","2025","13117868"
"Fortaleza","Brazil","2026","13359660"
"Rio de Janeiro","Brazil","2010","2931568"
"Rio de Janeiro","Brazil","2011","3162123"
"Rio de Janeiro","Brazil","2012","3361884"
"Rio de Janeiro","Brazil","2013","3502083"
"Rio de Janeiro","Brazil","2014","3593702"
"Rio de Janeiro","Brazil","2015","3703926"
"Rio de Janeiro","Brazil","2016","3881144"
"Rio de Janeiro","Brazil","2017","4079457"
"Rio de Janeiro","Brazil","2018","4161055"
"Rio de Janeiro","Brazil","2019","4351603"
"Rio de Janeiro","Brazil","2020","4590640"
"Rio de Janeiro","Brazil","2021","4761034"
"Rio de Janeiro","Brazil","2022","4931428"
"Rio de Janeiro","Brazil","2023","5101822"
"Rio de Janeiro","Brazil","2024","5272216"
"Rio de Janeiro","Brazil","2025","5442610"
"Rio de Janeiro","Brazil","2026","5613004"
"Salvador","Brazil","2010","5638191"
"Salvador","Brazil","2011","5726464"
"Salvador","Brazil","2012","5888083"
"Salvador","Brazil","2013","6048421"
"Salvador","Brazil","2014","6121053"
"Salvador","Brazil","2015","6324825"
"Salvador","Brazil","2016","6457613"
"Salvador","Brazil","2017","6533694"
"Salvador","Brazil","2018","6688326"
"Salvador","Brazil","2019","6912594"
"Salvador","Brazil","2020","7136863"
"Salvador","Brazil","2021","7363280"
"Salvador","Brazil","2022","7589697"
"Salvador","Brazil","2023","7816114"
"Salvador","Brazil","2024","8042531"
"Salvador","Brazil","2025","8268948"
"Salvador","Brazil","2026","8495365"
"Sao Paulo","Brazil","2010","8306222"
"Sao Paulo","Brazil","2011","8552938"
"Sao Paulo","Brazil","2012","8852843"
"Sao Paulo","Brazil","2013","8966598"
"Sao Paulo","Brazil","2014","9111793"
"Sao Paulo","Brazil","2015","9296835"
"Sao Paulo","Brazil","2016","9505636"
"Sao Paulo","Brazil","2017","9601590"
"Sao Paulo","Brazil","2018","9860804"
"Sao Paulo","Brazil","2019","10056925"
"Sao Paulo","Brazil","2020","10181700"
"Sao Paulo","Brazil","2021","10375070"
"Sao Paulo","Brazil","2022","10568440"
"Sao Paulo","Brazil","2023","10761810"
"Sao Paulo","Brazil","2024","10955180"
"Sao Paulo","Brazil","2025","11148550"
"Sao Paulo","Brazil","2026","11341920"
"Calgary","Canada","2010","3102658"
"Calgary","Canada","2011","3265595"
"Calgary","Canada","2012","3548747"
"Calgary","Canada","2013","3633449"
"Calgary","Canada","2014","3823147"
"Calgary","Canada","2015","3922613"
"Calgary","Canada","2016","4203838"
"Calgary","Canada","2017","4368577"
"Calgary","Canada","2018","4502021"
"Calgary","Canada","2019","4655581"
"Calgary","Canada","2020","4806162"
"Calgary","Canada","2021","4956743"
"Calgary","Canada","2022","5107324"
"Calgary","Canada","2023","5257905"
"Calgary","Canada","2024","5408486"
"Calgary","Canada","2025","5559067"
"Calgary","Canada","2026","5709648"
"Montreal","Canada","2010","5199211"
"Montreal","Canada","2011","5262872"
"Montreal","Canada","2012","5473888"
"Montreal","Canada","2013","5735736"
"Montreal","Canada","2014","5876664"
"Montreal","Canada","2015","6006972"
"Montreal","Canada","2016","6139145"
"Montreal","Canada","2017","6358424"
"Montreal","Canada","2018","6548768"
"Montreal","Canada","2019","6662319"
"Montreal","Canada","2020","6847043"
"Montreal","Canada","2021","7009916"
"Montreal","Canada","2022","7172789"
"Montreal","Canada","2023","7335662"
"Montreal","Canada","2024","7498535"
"Montreal","Canada","2025","7661408"
"Montreal","Canada","2026","7824281"
"Ottawa","Canada","2010","12724617"
"Ottawa","Canada","2011","13017084"
"Ottawa","Canada","2012","13285497"
"Ottawa","Canada","2013","13508721"
"Ottawa","Canada","2014","13712430"
"Ottawa","Canada","2015","13860800"
"Ottawa","Canada","2016","13969060"
"Ottawa","Canada","2017","14123228"
"Ottawa","Canada","2018","14202555"
"Ottawa","Canada","2019","14341156"
"Ottawa","Canada","2020","14611353"
"Ottawa","Canada","2021","14774061"
"Ottawa","Canada","2022","14936769"
"Ottawa","Canada","2023","15099477"
"Ottawa","Canada","2024","15262185"
"Ottawa","Canada","2025","15424893"
"Ottawa","Canada","2026","15587601"
"Toronto","Canada","2010","8779008"
"Toronto","Canada","2011","9065039"
"Toronto","Canada","2012","9231571"
"Toronto","Canada","2013","9406129"
"Toronto","Canada","2014","9657392"
"Toronto","Canada","2015","9862118"
"Toronto","Canada","2016","10022374"
"Toronto","Canada","2017","10159390"
"Toronto","Canada","2018","10244966"
"Toronto","Canada","2019","10513999"
"Toronto","Canada","2020","10754094"
"Toronto","Canada","2021","10952329"
"Toronto","Canada","2022","11150564"
"Toronto","Canada","2023","11348799"
"Toronto","Canada","2024","11547034"
"Toronto","Canada","2025","11745269"
"Toronto","Canada","2026","11943504"
"Vancouver","Canada","2010","3324940"
"Vancouver","Canada","2011","3585982"
"Vancouver","Canada","2012","3810602"
"Vancouver","Canada","2013","3973615"
"Vancouver","Canada","2014","4250350"
"Vancouver","Canada","2015","4516878"
"Vancouver","Canada","2016","4759383"
"Vancouver","Canada","2017","5024758"
"Vancouver","Canada","2018","5306994"
"Vancouver","Canada","2019","5536855"
"Vancouver","Canada","2020","5766716"
"Vancouver","Canada","2021","6102494"
"Vancouver","Canada","2022","6438272"
"Vancouver","Canada","2023","6774050"
"Vancouver","Canada","2024","7109828"
"Vancouver","Canada","2025","7445606"
"Vancouver","Canada","2026","7781384"
"Beijing","China","2010","4495468"
"Beijing","China","2011","4754941"
"Beijing","China","2012","4836465"
"Beijing","China","2013","4989845"
"Beijing","China","2014","5254595"
"Beijing","China","2015","5438884"
"Beijing","China","2016","5623174"
"Beijing","China","2017","5807463"
"Beijing","China","2018","6006092"
"Beijing","China","2019","6266434"
"Beijing","China","2020","6392132"
"Beijing","China","2021","6587022"
"Beijing","China","2022","6781912"
"Beijing","China","2023","6976802"
"Beijing","China","2024","7171692"
"Beijing","China","2025","7366582"
"Beijing","China","2026","7561472"
"Chengdu","China","2010","9707390"
"Chengdu","China","2011","9845085"
"Chengdu","China","2012","9967732"
"Chengdu","China","2013","10063034"
"Chengdu","China","2014","10198585"
"Chengdu","China","2015","10296503"
"Chengdu","China","2016","10366241"
"Chengdu","China","2017","10472165"
"Chengdu","China","2018","10556481"
"Chengdu","China","2019","10697851"
"Chengdu","China","2020","10829951"
"Chengdu","China","2021","10949213"
"Chengdu","China","2022","11068475"
"Chengdu","China","2023","11187737"
"Chengdu","China","2024","11306999"
"Chengdu","China","2025","11426261"
"Chengdu","China","2026","11545523"
"Guangzhou","China","2010","2500176"
"Guangzhou","China","2011","2624708"
"Guangzhou","China","2012","2876554"
"Guangzhou","China","2013","2963521"
"Guangzhou","China","2014","3063218"
"Guangzhou","China","2015","3162914"
"Guangzhou","China","2016","3392167"
"Guangzhou","China","2017","3673196"
"Guangzhou","China","2018","3952188"
"Guangzhou","China","2019","4163548"
"Guangzhou","China","2020","4309077"
"Guangzhou","China","2021","4521037"
"Guangzhou","China","2022","4732997"
"Guangzhou","China","2023","4944957"
"Guangzhou","China","2024","5156917"
"Guangzhou","China","2025","5368877"
"Guangzhou","China","2026","5580837"
"Shanghai","China","2010","5245714"
"Shanghai","China","2011","5475601"
"Shanghai","China","2012","5526813"
"Shanghai","China","2013","5774004"
"Shanghai","China","2014","5898540"
"Shanghai","China","2015","6166427"
"Shanghai","China","2016","6265308"
"Shanghai","China","2017","6381182"
"Shanghai","China","2018","6497057"
"Shanghai","China","2019","6715182"
"Shanghai","China","2020","6983630"
"Shanghai","China","2021","7223071"
"Shanghai","China","2022","7462512"
"Shanghai","China","2023","7701953"
"Shanghai","China","2024","7941394"
"Shanghai","China","2025","8180835"
"Shanghai","China","2026","8420276"
"Shenzhen","China","2010","13194902"
"Shenzhen","China","2011","13400686"
"Shenzhen","China","2012","13660527"
"Shenzhen","China","2013","13838128"
"Shenzhen","China","2014","14091432"
"Shenzhen","China","2015","14320767"
"Shenzhen","China","2016","14617678"
"Shenzhen","China","2017","14913396"
"Shenzhen","China","2018","15210043"
"Shenzhen","China","2019","15506690"
"Shenzhen","China","2020","15748617"
"Shenzhen","China","2021","16125597"
"Shenzhen","China","2022","16502577"
"Shenzhen","China","2023","16879557"
"Shenzhen","China","2024","17256537"
"Shenzhen","China","2025","17633517"
"Shenzhen","China","2026","18010497"
"Lyon","France","2010","4988168"
"Lyon","France","2011","5066938"
"Lyon","France","2012","5259387"
"Lyon","France","2013","5502781"
"Lyon","France","2014","5675953"
"Lyon","France","2015","5873333"
"Lyon","France","2016","6007458"
"Lyon","France","2017","6071557"
"Lyon","France","2018","6273903"
"Lyon","France","2019","6418564"
"Lyon","France","2020","6563224"
"Lyon","France","2021","6748479"
"Lyon","France","2022","6933734"
"Lyon","France","2023","7118989"
"Lyon","France","2024","7304244"
"Lyon","France","2025","7489499"
"Lyon","France","2026","7674754"
"Marseille","France","2010","10616811"
"Marseille","France","2011","10819066"
"Marseille","France","2012","10938216"
"Marseille","France","2013","11152094"
"Marseille","France","2014","11292572"
"Marseille","France","2015","11441580"
"Marseille","France","2016","11530125"
"Marseille","France","2017","11599079"
"Marseille","France","2018","11840110"
"Marseille","France","2019","12024123"
"Marseille","France","2020","12225848"
"Marseille","France","2021","12434771"
"Marseille","France","2022","12643694"
"Marseille","France","2023","12852617"
"Marseille","France","2024","13061540"
"Marseille","France","2025","13270463"
"Marseille","France","2026","13479386"
"Nice","France","2010","6752285"
"Nice","France","2011","6963430"
"Nice","France","2012","7069577"
"Nice","France","2013","7229010"
"Nice","France","2014","7312479"
"Nice","France","2015","7550546"
"Nice","France","2016","7719348"
"Nice","France","2017","7951781"
"Nice","France","2018","8013072"
"Nice","France","2019","8198860"
"Nice","France","2020","8332384"
"Nice","France","2021","8459252"
"Nice","France","2022","8586120"
"Nice","France","2023","8712988"
"Nice","France","2024","8839856"
"Nice","France","2025","8966724"
"Nice","France","2026","9093592"
"Paris","France","2010","7510788"
"Paris","France","2011","7621504"
"Paris","France","2012","7705771"
"Paris","France","2013","7914316"
"Paris","France","2014","8022201"
"Paris","France","2015","8300906"
"Paris","France","2016","8474676"
"Paris","France","2017","8759812"
"Paris","France","2018","8945131"
"Paris","France","2019","9116568"
"Paris","France","2020","9386535"
"Paris","France","2021","9595443"
"Paris","France","2022","9804351"
"Paris","France","2023","10013259"
"Paris","France","2024","10222167"
"Paris","France","2025","10431075"
"Paris","France","2026","10639983"
"Toulouse","France","2010","5538300"
"Toulouse","France","2011","5609186"
"Toulouse","France","2012","5892456"
"Toulouse","France","2013","6004050"
"Toulouse","France","2014","6131445"
"Toulouse","France","2015","6280618"
"Toulouse","France","2016","6541526"
"Toulouse","France","2017","6635181"
"Toulouse","France","2018","6886264"
"Toulouse","France","2019","7079053"
"Toulouse","France","2020","7240440"
"Toulouse","France","2021","7442193"
"Toulouse","France","2022","7643946"
"Toulouse","France","2023","7845699"
"Toulouse","France","2024","8047452"
"Toulouse","France","2025","8249205"
"Toulouse","France","2026","8450958"
"Berlin","Germany","2010","8785106"
"Berlin","Germany","2011","8951119"
"Berlin","Germany","2012","9178452"
"Berlin","Germany","2013","9307253"
"Berlin","Germany","2014","9421668"
"Berlin","Germany","2015","9507789"
"Berlin","Germany","2016","9749207"
"Berlin","Germany","2017","10028906"
"Berlin","Germany","2018","10308605"
"Berlin","Germany","2019","10393653"
"Berlin","Germany","2020","10647311"
"Berlin","Germany","2021","10946679"
"Berlin","Germany","2022","11246047"
"Berlin","Germany","2023","11545415"
"Berlin","Germany","2024","11844783"
"Berlin","Germany","2025","12144151"
"Berlin","Germany","2026","12443519"
"Cologne","Germany","2010","5534952"
"Cologne","Germany","2011","5719057"
"Cologne","Germany","2012","5832780"
"Cologne","Germany","2013","5888823"
"Cologne","Germany","2014","6014190"
"Cologne","Germany","2015","6254319"
"Cologne","Germany","2016","6466899"
"Cologne","Germany","2017","6543878"
"Cologne","Germany","2018","6821596"
"Cologne","Germany","2019","7108898"
"Cologne","Germany","2020","7190391"
"Cologne","Germany","2021","7405895"
"Cologne","Germany","2022","7621399"
"Cologne","Germany","2023","7836903"
"Cologne","Germany","2024","8052407"
"Cologne","Germany","2025","8267911"
"Cologne","Germany","2026","8483415"
"Frankfurt","Germany","2010","14115149"
"Frankfurt","Germany","2011","14288334"
"Frankfurt","Germany","2012","14393713"
"Frankfurt","Germany","2013","14566914"
"Frankfurt","Germany","2014","14811690"
"Frankfurt","Germany","2015","14975601"
"Frankfurt","Germany","2016","15052025"
"Frankfurt","Germany","2017","15337653"
"Frankfurt","Germany","2018","15628272"
"Frankfurt","Germany","2019","15772306"
"Frankfurt","Germany","2020","15952205"
"Frankfurt","Germany","2021","16157056"
"Frankfurt","Germany","2022","16361907"
"Frankfurt","Germany","2023","16566758"
"Frankfurt","Germany","2024","16771609"
"Frankfurt","Germany","2025","16976460"
"Frankfurt","Germany","2026","17181311"
"Hamburg","Germany","2010","6540989"
"Hamburg","Germany","2011","6682980"
"Hamburg","Germany","2012","6902282"
"Hamburg","Germany","2013","7042040"
"Hamburg","Germany","2014","7134572"
"Hamburg","Germany","2015","7385904"
"Hamburg","Germany","2016","7462915"
"Hamburg","Germany","2017","7528013"
"Hamburg","Germany","2018","7783252"
"Hamburg","Germany","2019","8057982"
"Hamburg","Germany","2020","8113541"
"Hamburg","Germany","2021","8308717"
"Hamburg","Germany","2022","8503893"
"Hamburg","Germany","2023","8699069"
"Hamburg","Germany","2024","8894245"
"Hamburg","Germany","2025","9089421"
"Hamburg","Germany","2026","9284597"
"Munich","Germany","2010","10098008"
"Munich","Germany","2011","10248709"
"Munich","Germany","2012","10533936"
"Munich","Germany","2013","10616652"
"Munich","Germany","2014","10829063"
"Munich","Germany","2015","11076517"
"Munich","Germany","2016","11225020"
"Munich","Germany","2017","11494074"
"Munich","Germany","2018","11600853"
"Munich","Germany","2019","11861840"
"Munich","Germany","2020","11948354"
"Munich","Germany","2021","12099781"
"Munich","Germany","2022","12251208"
"Munich","Germany","2023","12402635"
"Munich","Germany","2024","12554062"
"Munich","Germany","2025","12705489"
"Munich","Germany","2026","12856916"
"Bangalore","India","2010","4379287"
"Bangalore","India","2011","4660786"
"Bangalore","India","2012","4957332"
"Bangalore","India","2013","5251767"
"Bangalore","India","2014","5430984"
"Bangalore","India","2015","5655373"
"Bangalore","India","2016","5952529"
"Bangalore","India","2017","6018369"
"Bangalore","India","2018","6105632"
"Bangalore","India","2019","6225745"
"Bangalore","India","2020","6444668"
"Bangalore","India","2021","6586768"
"Bangalore","India","2022","6728868"
"Bangalore","India","2023","6870968"
"Bangalore","India","2024","7013068"
"Bangalore","India","2025","7155168"
"Bangalore","India","2026","7297268"
"Chennai","India","2010","3984096"
"Chennai","India","2011","4098498"
"Chennai","India","2012","4159776"
"Chennai","India","2013","4373466"
"Chennai","India","2014","4626468"
"Chennai","India","2015","4811033"
"Chennai","India","2016","5092575"
"Chennai","India","2017","5351603"
"Chennai","India","2018","5548740"
"Chennai","India","2019","5745878"
"Chennai","India","2020","6028739"
"Chennai","India","2021","6340794"
"Chennai","India","2022","6652849"
"Chennai","India","2023","6964904"
"Chennai","India","2024","7276959"
"Chennai","India","2025","7589014"
"Chennai","India","2026","7901069"
"Delhi","India","2010","1244198"
"Delhi","India","2011","1402072"
"Delhi","India","2012","1583068"
"Delhi","India","2013","1671676"
"Delhi","India","2014","1743846"
"Delhi","India","2015","1940628"
"Delhi","India","2016","2075037"
"Delhi","India","2017","2144769"
"Delhi","India","2018","2394506"
"Delhi","India","2019","2510633"
"Delhi","India","2020","2686572"
"Delhi","India","2021","2867173"
"Delhi","India","2022","3047774"
"Delhi","India","2023","3228375"
"Delhi","India","2024","3408976"
"Delhi","India","2025","3589577"
"Delhi","India","2026","3770178"
"Kolkata","India","2010","2013864"
"Kolkata","India","2011","2247456"
"Kolkata","India","2012","2476419"
"Kolkata","India","2013","2639002"
"Kolkata","India","2014","2726457"
"Kolkata","India","2015","2960684"
"Kolkata","India","2016","3176242"
"Kolkata","India","2017","3417851"
"Kolkata","India","2018","3556484"
"Kolkata","India","2019","3695117"
"Kolkata","India","2020","3937878"
"Kolkata","India","2021","4191757"
"Kolkata","India","2022","4445636"
"Kolkata","India","2023","4699515"
"Kolkata","India","2024","4953394"
"Kolkata","India","2025","5207273"
"Kolkata","India","2026","5461152"
"Mumbai","India","2010","9766393"
"Mumbai","India","2011","9999839"
"Mumbai","India","2012","10061246"
"Mumbai","India","2013","10215242"
"Mumbai","India","2014","10444652"
"Mumbai","India","2015","10544247"
"Mumbai","India","2016","10794294"
"Mumbai","India","2017","10947761"
"Mumbai","India","2018","11034136"
"Mumbai","India","2019","11235754"
"Mumbai","India","2020","11491760"
"Mumbai","India","2021","11673093"
"Mumbai","India","2022","11854426"
"Mumbai","India","2023","12035759"
"Mumbai","India","2024","12217092"
"Mumbai","India","2025","12398425"
"Mumbai","India","2026","12579758"
"Fukuoka","Japan","2010","12130397"
"Fukuoka","Japan","2011","12394676"
"Fukuoka","Japan","2012","12539155"
"Fukuoka","Japan","2013","12606866"
"Fukuoka","Japan","2014","12735420"
"Fukuoka","Japan","2015","12900582"
"Fukuoka","Japan","2016","13065745"
"Fukuoka","Japan","2017","13271347"
"Fukuoka","Japan","2018","13406261"
"Fukuoka","Japan","2019","13508705"
"Fukuoka","Japan","2020","13681337"
"Fukuoka","Japan","2021","13818000"
"Fukuoka","Japan","2022","13954663"
"Fukuoka","Japan","2023","14091326"
"Fukuoka","Japan","2024","14227989"
"Fukuoka","Japan","2025","14364652"
"Fukuoka","Japan","2026","14501315"
"Nagoya","Japan","2010","9100190"
"Nagoya","Japan","2011","9191742"
"Nagoya","Japan","2012","9481703"
"Nagoya","Japan","2013","9757280"
"Nagoya","Japan","2014","10032856"
"Nagoya","Japan","2015","10181158"
"Nagoya","Japan","2016","10442247"
"Nagoya","Japan","2017","10567329"
"Nagoya","Japan","2018","10803996"
"Nagoya","Japan","2019","10926797"
"Nagoya","Japan","2020","11036909"
"Nagoya","Japan","2021","11193436"
"Nagoya","Japan","2022","11349963"
"Nagoya","Japan","2023","11506490"
"Nagoya","Japan","2024","11663017"
"Nagoya","Japan","2025","11819544"
"Nagoya","Japan","2026","11976071"
"Osaka","Japan","2010","3298538"
"Osaka","Japan","2011","3388424"
"Osaka","Japan","2012","3478311"
"Osaka","Japan","2013","3721556"
"Osaka","Japan","2014","3924712"
"Osaka","Japan","2015","4127867"
"Osaka","Japan","2016","4272382"
"Osaka","Japan","2017","4461561"
"Osaka","Japan","2018","4621439"
"Osaka","Japan","2019","4848943"
"Osaka","Japan","2020","5076447"
"Osaka","Japan","2021","5344469"
"Osaka","Japan","2022","5612491"
"Osaka","Japan","2023","5880513"
"Osaka","Japan","2024","6148535"
"Osaka","Japan","2025","6416557"
"Osaka","Japan","2026","6684579"
"Sapporo","Japan","2010","1891177"
"Sapporo","Japan","2011","2007986"
"Sapporo","Japan","2012","2261685"
"Sapporo","Japan","2013","2408834"
"Sapporo","Japan","2014","2525381"
"Sapporo","Japan","2015","2742574"
"Sapporo","Japan","2016","2985835"
"Sapporo","Japan","2017","3102488"
"Sapporo","Japan","2018","3219141"
"Sapporo","Japan","2019","3468998"
"Sapporo","Japan","2020","3670082"
"Sapporo","Japan","2021","3898164"
"Sapporo","Japan","2022","4126246"
"Sapporo","Japan","2023","4354328"
"Sapporo","Japan","2024","4582410"
"Sapporo","Japan","2025","4810492"
"Sapporo","Japan","2026","5038574"
"Tokyo","Japan","2010","4483044"
"Tokyo","Japan","2011","4652536"
"Tokyo","Japan","2012","4742499"
"Tokyo","Japan","2013","4909421"
"Tokyo","Japan","2014","4980742"
"Tokyo","Japan","2015","5197407"
"Tokyo","Japan","2016","5432902"
"Tokyo","Japan","2017","5500264"
"Tokyo","Japan","2018","5723872"
"Tokyo","Japan","2019","5877343"
"Tokyo","Japan","2020","6049974"
"Tokyo","Japan","2021","6233211"
"Tokyo","Japan","2022","6416448"
"Tokyo","Japan","2023","6599685"
"Tokyo","Japan","2024","6782922"
"Tokyo","Japan","2025","6966159"
"Tokyo","Japan","2026","7149396"
"Birmingham","UK","2010","13059660"
"Birmingham","UK","2011","13347424"
"Birmingham","UK","2012","13459499"
"Birmingham","UK","2013","13701337"
"Birmingham","UK","2014","13900883"
"Birmingham","UK","2015","14183945"
"Birmingham","UK","2016","14307308"
"Birmingham","UK","2017","14361258"
"Birmingham","UK","2018","14474458"
"Birmingham","UK","2019","14692066"
"Birmingham","UK","2020","14820319"
"Birmingham","UK","2021","14948572"
"Birmingham","UK","2022","15076825"
"Birmingham","UK","2023","15205078"
"Birmingham","UK","2024","15333331"
"Birmingham","UK","2025","15461584"
"Birmingham","UK","2026","15589837"
"Leeds","UK","2010","7694395"
"Leeds","UK","2011","7910378"
"Leeds","UK","2012","8180689"
"Leeds","UK","2013","8439165"
"Leeds","UK","2014","8697641"
"Leeds","UK","2015","8985148"
"Leeds","UK","2016","9259928"
"Leeds","UK","2017","9559695"
"Leeds","UK","2018","9709907"
"Leeds","UK","2019","9950791"
"Leeds","UK","2020","10214119"
"Leeds","UK","2021","10432260"
"Leeds","UK","2022","10650401"
"Leeds","UK","2023","10868542"
"Leeds","UK","2024","11086683"
"Leeds","UK","2025","11304824"
"Leeds","UK","2026","11522965"
"Liverpool","UK","2010","8620165"
"Liverpool","UK","2011","8800886"
"Liverpool","UK","2012","8900965"
"Liverpool","UK","2013","9037486"
"Liverpool","UK","2014","9252518"
"Liverpool","UK","2015","9391861"
"Liverpool","UK","2016","9646040"
"Liverpool","UK","2017","9905587"
"Liverpool","UK","2018","10076482"
"Liverpool","UK","2019","10278794"
"Liverpool","UK","2020","10477673"
"Liverpool","UK","2021","10668368"
"Liverpool","UK","2022","10859063"
"Liverpool","UK","2023","11049758"
"Liverpool","UK","2024","11240453"
"Liverpool","UK","2025","11431148"
"Liverpool","UK","2026","11621843"
"London","UK","2010","3948554"
"London","UK","2011","4181276"
"London","UK","2012","4266598"
"London","UK","2013","4351587"
"London","UK","2014","4412860"
"London","UK","2015","4690343"
"London","UK","2016","4759097"
"London","UK","2017","4912060"
"London","UK","2018","5200072"
"London","UK","2019","5334570"
"London","UK","2020","5468616"
"London","UK","2021","5654135"
"London","UK","2022","5839654"
"London","UK","2023","6025173"
"London","UK","2024","6210692"
"London","UK","2025","6396211"
"London","UK","2026","6581730"
"Manchester","UK","2010","5478023"
"Manchester","UK","2011","5556432"
"Manchester","UK","2012","5614080"
"Manchester","UK","2013","5857600"
"Manchester","UK","2014","6120487"
"Manchester","UK","2015","6193783"
"Manchester","UK","2016","6374676"
"Manchester","UK","2017","6568530"
"Manchester","UK","2018","6662359"
"Manchester","UK","2019","6944565"
"Manchester","UK","2020","7200096"
"Manchester","UK","2021","7410618"
"Manchester","UK","2022","7621140"
"Manchester","UK","2023","7831662"
"Manchester","UK","2024","8042184"
"Manchester","UK","2025","8252706"
"Manchester","UK","2026","8463228"
"Chicago","USA","2010","8916094"
"Chicago","USA","2011","9124340"
"Chicago","USA","2012","9256657"
"Chicago","USA","2013","9495545"
"Chicago","USA","2014","9603310"
"Chicago","USA","2015","9769517"
"Chicago","USA","2016","9936534"
"Chicago","USA","2017","10103552"
"Chicago","USA","2018","10296960"
"Chicago","USA","2019","10543470"
"Chicago","USA","2020","10711233"
"Chicago","USA","2021","10913793"
"Chicago","USA","2022","11116353"
"Chicago","USA","2023","11318913"
"Chicago","USA","2024","11521473"
"Chicago","USA","2025","11724033"
"Chicago","USA","2026","11926593"
"Houston","USA","2010","3224870"
"Houston","USA","2011","3325023"
"Houston","USA","2012","3573162"
"Houston","USA","2013","3780794"
"Houston","USA","2014","3895090"
"Houston","USA","2015","4085372"
"Houston","USA","2016","4203825"
"Houston","USA","2017","4473777"
"Houston","USA","2018","4657839"
"Houston","USA","2019","4840705"
"Houston","USA","2020","4946420"
"Houston","USA","2021","5103968"
"Houston","USA","2022","5261516"
"Houston","USA","2023","5419064"
"Houston","USA","2024","5576612"
"Houston","USA","2025","5734160"
"Houston","USA","2026","5891708"
"Los Angeles","USA","2010","3196805"
"Los Angeles","USA","2011","3450651"
"Los Angeles","USA","2012","3649114"
"Los Angeles","USA","2013","3827029"
"Los Angeles","USA","2014","3907972"
"Los Angeles","USA","2015","4065006"
"Los Angeles","USA","2016","4344672"
"Los Angeles","USA","2017","4452125"
"Los Angeles","USA","2018","4607288"
"Los Angeles","USA","2019","4668977"
"Los Angeles","USA","2020","4890879"
"Los Angeles","USA","2021","5037130"
"Los Angeles","USA","2022","5183381"
"Los Angeles","USA","2023","5329632"
"Los Angeles","USA","2024","5475883"
"Los Angeles","USA","2025","5622134"
"Los Angeles","USA","2026","5768385"
"New York","USA","2010","13933543"
"New York","USA","2011","14137584"
"New York","USA","2012","14380698"
"New York","USA","2013","14616147"
"New York","USA","2014","14775069"
"New York","USA","2015","14970907"
"New York","USA","2016","15237946"
"New York","USA","2017","15460203"
"New York","USA","2018","15611796"
"New York","USA","2019","15732792"
"New York","USA","2020","15896142"
"New York","USA","2021","16041455"
"New York","USA","2022","16186768"
"New York","USA","2023","16332081"
"New York","USA","2024","16477394"
"New York","USA","2025","16622707"
"New York","USA","2026","16768020"
"Phoenix","USA","2010","14174755"
"Phoenix","USA","2011","14377669"
"Phoenix","USA","2012","14659658"
"Phoenix","USA","2013","14942566"
"Phoenix","USA","2014","15173679"
"Phoenix","USA","2015","15366235"
"Phoenix","USA","2016","15513772"
"Phoenix","USA","2017","15597916"
"Phoenix","USA","2018","15712320"
"Phoenix","USA","2019","15969064"
"Phoenix","USA","2020","16252517"
"Phoenix","USA","2021","16470717"
"Phoenix","USA","2022","16688917"
"Phoenix","USA","2023","16907117"
"Phoenix","USA","2024","17125317"
"Phoenix","USA","2025","17343517"
"Phoenix","USA","2026","17561717"
